"","Investment","Savings","Area"
"1",1467.3934903307,1453.6964219932,21.034035085
